a synonym for sad	downcast
another word for tiny	miniature
a synonym for giant	big
another word for fast	quick
a synonym for big	huge
a synonym for icy	frigid
another word for loud	deafening
what means the same as quick	swift
what means the same as happy	pleased
a synonym for initiate	start
a synonym for pleased	cheerful
what means the same as furious	irate
what means the same as furious	mad
another word for pleased	happy
a synonym for miniature	small
what means the same as silent	hushed
what means the same as cheerful	glad
another word for noisy	deafening
a synonym for clever	intelligent
another word for downcast	unhappy
what means the same as finish	end
a synonym for hushed	soundless
what means the same as finish	conclude
what means the same as small	little
a synonym for begin	commence
a synonym for freezing	chilly
what means the same as soundless	quiet
a synonym for pleased	happy
a synonym for angry	livid
what means the same as conclude	finish
a synonym for easy	simple
what means the same as complete	end
what means the same as painless	effortless
another word for frigid	chilly
what means the same as commence	initiate
another word for easy	painless
a synonym for unhurried	leisurely
a synonym for effortless	easy
another word for silent	soundless
another word for bright	smart
what means the same as fast	speedy
another word for large	huge
a synonym for begin	start
a synonym for frigid	cold
another word for irate	mad
what means the same as unhappy	sad
what means the same as freezing	icy
a synonym for begin	initiate
what means the same as smart	clever
what means the same as miniature	tiny
what means the same as effortless	painless
another word for conclude	finish
a synonym for angry	irate
a synonym for unhurried	sluggish
what means the same as frigid	freezing
another word for speedy	rapid
another word for begin	commence
what means the same as leisurely	unhurried
another word for complete	end
what means the same as sluggish	leisurely
another word for start	initiate
what means the same as quiet	silent
a synonym for loud	blaring
another word for finish	complete
what means the same as gloomy	sad
what means the same as slow	sluggish
a synonym for complete	finish
what means the same as tiny	small
another word for easy	effortless
a synonym for intelligent	clever
a synonym for happy	cheerful
what means the same as unhurried	leisurely
what means the same as big	giant
another word for initiate	start
another word for start	commence
a synonym for commence	initiate
what means the same as initiate	start
a synonym for chilly	cold
a synonym for loud	noisy
another word for miserable	sad
a synonym for deafening	noisy
a synonym for sharp	intelligent
a synonym for miserable	unhappy
another word for leisurely	unhurried
a synonym for unhappy	miserable
a synonym for large	giant
another word for gloomy	sad
another word for conclude	end
a synonym for end	conclude
what means the same as hushed	silent
a synonym for conclude	complete
a synonym for big	enormous
what means the same as simple	easy
another word for sluggish	leisurely
a synonym for glad	cheerful
a synonym for noisy	blaring
another word for huge	big
what means the same as gloomy	miserable
a synonym for icy	freezing
what means the same as miserable	downcast
a synonym for soundless	quiet
another word for simple	painless
another word for angry	irate
another word for big	enormous
a synonym for leisurely	slow
a synonym for enormous	large
what means the same as angry	mad
what means the same as happy	glad
another word for deafening	blaring
what means the same as noisy	loud
a synonym for cold	icy
what means the same as clever	intelligent
what means the same as miniature	little
what means the same as initiate	commence
another word for bright	clever
another word for smart	clever
a synonym for deafening	blaring
what means the same as noisy	blaring
a synonym for bright	intelligent
what means the same as frigid	chilly
what means the same as sad	gloomy
what means the same as slow	unhurried
what means the same as mad	irate
another word for gloomy	unhappy
what means the same as freezing	chilly
another word for pleased	glad
a synonym for small	petite
another word for initiate	commence
a synonym for freezing	frigid
a synonym for chilly	frigid
another word for deafening	noisy
another word for finish	end
what means the same as end	complete
a synonym for painless	easy
a synonym for joyful	cheerful
another word for enormous	large
what means the same as intelligent	smart
what means the same as bright	intelligent
a synonym for commence	begin
another word for begin	initiate
another word for cold	frigid
another word for begin	start
what means the same as start	initiate
another word for finish	conclude
a synonym for gloomy	sad
a synonym for end	complete
another word for enormous	huge
a synonym for sad	gloomy
what means the same as huge	enormous
another word for clever	sharp
what means the same as mad	livid
another word for swift	rapid
another word for little	tiny
another word for quiet	silent
what means the same as commence	begin
what means the same as end	conclude
another word for cheerful	glad
what means the same as mad	furious
another word for rapid	quick
a synonym for mad	livid
another word for silent	hushed
what means the same as cold	chilly
another word for blaring	deafening
what means the same as fast	swift
another word for livid	irate
another word for sluggish	slow
a synonym for silent	quiet
what means the same as blaring	deafening
another word for silent	quiet
a synonym for large	huge
what means the same as complete	finish
another word for joyful	happy
another word for cheerful	happy
another word for gloomy	miserable
a synonym for cheerful	happy
what means the same as hard	challenging
a synonym for enormous	big
a synonym for blaring	deafening
another word for easy	simple
a synonym for elderly	old
what means the same as strong	mighty
a synonym for irate	angry
a synonym for ancient	aged
what means the same as begin	initiate
another word for angry	furious
a synonym for slow	leisurely
another word for livid	furious
a synonym for initiate	begin
another word for hard	tough
another word for intelligent	clever
what means the same as rich	affluent
a synonym for gloomy	unhappy
what means the same as unhappy	gloomy
what means the same as big	huge
a synonym for swift	quick
what means the same as tough	hard
a synonym for tiny	little
what means the same as enormous	large
what means the same as large	giant
what means the same as complete	conclude
what means the same as clever	bright
a synonym for big	giant
what means the same as sluggish	slow
what means the same as effortless	easy
a synonym for petite	miniature
another word for hushed	soundless
another word for ancient	old
what means the same as old	elderly
a synonym for gloomy	miserable
another word for intelligent	sharp
what means the same as wealthy	rich
what means the same as large	big
a synonym for start	begin
a synonym for aged	elderly
what means the same as joyful	happy
a synonym for difficult	hard
what means the same as affluent	prosperous
a synonym for quick	fast
another word for miserable	downcast
what means the same as gloomy	downcast
what means the same as enormous	big
a synonym for sturdy	mighty
another word for hard	difficult
another word for aged	old
what means the same as huge	large
what means the same as unhurried	slow
another word for aged	ancient
another word for furious	angry
another word for giant	huge
another word for chilly	frigid
another word for slow	leisurely
what means the same as easy	simple
a synonym for strong	powerful
what means the same as huge	big
a synonym for difficult	challenging
what means the same as cold	icy
another word for sturdy	mighty
another word for quick	rapid
a synonym for little	tiny
what means the same as pleased	cheerful
what means the same as prosperous	affluent
a synonym for rich	prosperous
another word for rich	affluent
another word for unhappy	miserable
a synonym for huge	giant
what means the same as furious	livid
another word for fast	rapid
another word for mad	irate
another word for fast	speedy
a synonym for chilly	freezing
another word for hushed	silent
a synonym for hard	tough
what means the same as painless	easy
a synonym for easy	painless
another word for painless	simple
a synonym for tough	challenging
a synonym for conclude	end
what means the same as quiet	soundless
a synonym for furious	irate
what means the same as blaring	noisy
another word for strong	powerful
a synonym for wealthy	prosperous
a synonym for rich	wealthy
a synonym for petite	small
another word for end	complete
what means the same as speedy	swift
what means the same as tough	challenging
what means the same as sad	miserable
a synonym for clever	sharp
what means the same as unhappy	downcast
a synonym for finish	end
a synonym for large	enormous
a synonym for frigid	freezing
another word for quiet	soundless
another word for soundless	hushed
another word for soundless	silent
a synonym for rapid	quick
a synonym for sad	miserable
another word for end	finish
a synonym for irate	furious
what means the same as affluent	rich
a synonym for loud	deafening
a synonym for quick	rapid
another word for small	miniature
another word for soundless	quiet
what means the same as gloomy	unhappy
what means the same as soundless	hushed
what means the same as ancient	old
what means the same as prosperous	wealthy
another word for swift	fast
what means the same as end	finish
a synonym for leisurely	unhurried
a synonym for bright	clever
a synonym for leisurely	sluggish
what means the same as simple	effortless
a synonym for blaring	noisy
a synonym for mad	irate
another word for commence	start
what means the same as tough	difficult
another word for powerful	sturdy
a synonym for cheerful	joyful
another word for petite	small
another word for cheerful	pleased
a synonym for downcast	miserable
a synonym for sluggish	leisurely
what means the same as simple	painless
another word for sad	gloomy
what means the same as hushed	soundless
another word for aged	elderly
a synonym for silent	hushed
another word for unhurried	slow
what means the same as courageous	brave
what means the same as deafening	loud
a synonym for courageous	fearless
another word for giant	big
another word for brave	bold
a synonym for simple	painless
a synonym for petite	little
another word for huge	giant
another word for fresh	recent
what means the same as rich	prosperous
another word for little	petite
a synonym for little	petite
what means the same as intelligent	sharp
another word for sharp	smart
a synonym for pretty	beautiful
a synonym for sharp	smart
a synonym for furious	mad
what means the same as elderly	ancient
what means the same as bright	clever
what means the same as rich	wealthy
a synonym for comical	amusing
another word for sturdy	powerful
another word for powerful	mighty
another word for lovely	pretty
a synonym for blaring	loud
another word for cold	chilly
a synonym for beautiful	pretty
a synonym for cold	freezing
what means the same as challenging	difficult
another word for mighty	sturdy
another word for initiate	begin
what means the same as silent	quiet
a synonym for comical	hilarious
another word for fresh	modern
what means the same as challenging	tough
another word for lovely	beautiful
what means the same as pretty	lovely
what means the same as modern	recent
a synonym for tough	hard
another word for conclude	complete
what means the same as irate	mad
a synonym for tiny	small
another word for funny	amusing
another word for powerful	strong
another word for courageous	bold
another word for freezing	frigid
another word for slow	unhurried
what means the same as irate	furious
a synonym for prosperous	rich
a synonym for lovely	beautiful
what means the same as cheerful	happy
another word for speedy	swift
a synonym for finish	complete
what means the same as pleased	happy
what means the same as prosperous	rich
what means the same as glad	joyful
another word for glad	happy
a synonym for fresh	modern
what means the same as mighty	strong
what means the same as loud	deafening
a synonym for pretty	lovely
a synonym for aged	old
a synonym for unhurried	slow
a synonym for recent	modern
what means the same as happy	joyful
another word for bright	sharp
what means the same as commence	start
a synonym for hilarious	comical
another word for rich	wealthy
what means the same as cold	freezing
a synonym for end	finish
another word for mighty	powerful
a synonym for challenging	difficult
another word for funny	hilarious
what means the same as giant	big
another word for new	modern
another word for commence	initiate
a synonym for mighty	sturdy
a synonym for comical	funny
what means the same as big	enormous
a synonym for hilarious	funny
what means the same as frigid	cold
what means the same as intelligent	clever
a synonym for small	little
what means the same as swift	fast
a synonym for glad	happy
another word for noisy	blaring
what means the same as comical	hilarious
a synonym for pleased	glad
another word for quick	swift
what means the same as glad	cheerful
what means the same as fresh	new
what means the same as difficult	challenging
what means the same as fearless	bold
another word for wealthy	prosperous
another word for pleased	joyful
a synonym for elderly	aged
another word for big	giant
what means the same as little	small
another word for mad	angry
another word for slow	sluggish
another word for old	elderly
another word for gorgeous	pretty
what means the same as joyful	pleased
another word for chilly	cold
another word for beautiful	pretty
a synonym for livid	mad
another word for frigid	cold
what means the same as initiate	begin
a synonym for icy	chilly
another word for little	miniature
a synonym for challenging	hard
what means the same as leisurely	sluggish
what means the same as painless	simple
what means the same as slow	leisurely
what means the same as powerful	strong
what means the same as comical	amusing
a synonym for swift	speedy
what means the same as old	ancient
another word for sluggish	unhurried
a synonym for huge	large
